model,roc_auc,pr_auc,brier,evaluated_on
dummy (prior),0.5,0.3451890034364261,0.22606759824834216,"2024 (validation), trained on 2019–2023"
cause lookup,0.8085947923402679,0.6679999903167391,0.15782308884731,"2024 (validation), trained on 2019–2023"
logistic regression,0.8226171025974821,0.7084708532938488,0.1549998216570061,"2024 (validation), trained on 2019–2023"
lightgbm (default),0.8281614262974839,0.7121585700912423,0.153633338735687,"2024 (validation), trained on 2019–2023"
lightgbm leaves=15 trees=500,0.8283482659180369,0.7151976087181872,0.15350009432963596,"2024 (validation), trained on 2019–2023"
dummy (prior),0.5,0.34540432714439157,0.2261246508037763,"2025 (test), trained on 2019–2024"
cause lookup,0.8229740264419647,0.701341424885338,0.14945505064474654,"2025 (test), trained on 2019–2024"
logistic regression,0.8332306545843144,0.7331940618895727,0.14800157450350068,"2025 (test), trained on 2019–2024"
LightGBM,0.8359470594201712,0.742832116085709,0.1472330863154857,"2025 (test), trained on 2019–2024"
